<coordinator-app name="${oozieCoordinatorDisplayName}" frequency="${coord:days(1)}" start="${startDate}" end="${endDate}" timezone="Europe/Paris" xmlns="uri:oozie:coordinator:0.4">
    <controls>
        <timeout>${timeOut}</timeout>
        <execution>LAST_ONLY</execution>
    </controls>

    <datasets>
        <dataset name="contract" frequency="${coord:days(1)}" initial-instance="${startDate}" timezone="Europe/Paris">
            <uri-template>${coordinatorFluxPath}/${YEAR}${MONTH}${DAY}</uri-template>
        </dataset>
    </datasets>
    <input-events>
        <data-in name="contractTrigger" dataset="contract">
            <instance>${coord:current(0)}</instance>
        </data-in>
    </input-events>

    <action>
            ???
    </action>
</coordinator-app>